rod,worth ($),max worth added per % height ($/%),max worth added per height ($/in),reactivity addition rate ($/sec),max motor speed (in/min)
safe,2.7838834500781497,0.04318330617576768,0.288646309701184,0.09140466473870827,33.25869646467412
shim,3.278124668305328,0.050992331168709,0.3408434767592654,0.06248797073919866,28.16542094710644
reg,1.5685901313463082,0.02542464596671272,0.16994368619855343,0.06797747447942136,56.48930074862479
