height (%),safe,safe unc,shim,shim unc,reg,reg unc
0,1.0071,0.00025,1.00405,0.0002,1.01515,0.00026000000000000003
100,1.0255,0.00021,1.0255,0.00021,1.0255,0.00021
