height (%),safe,safe unc,shim,shim unc,reg,reg unc
0,1.7815973676124257,0.031618535314100055,2.083225540170303,0.02817110779326651,0.9942016192374536,0.032105770357709715
100,0.0,0.0,0.0,0.0,0.0,0.0
