rod,worth ($),max worth added per % height ($/%),max worth added per height ($/in),reactivity addition rate ($/sec),max motor speed (in/min)
safe,2.375463157,0.047509263,0.317561917,0.100561274,30.23032515
shim,2.777634054,0.055552681,0.371325816,0.0680764,25.85330617
reg,1.325602159,0.026512043,0.177212078,0.070884831,54.1723798
