height,bank,bank unc
0,0.972,0.0022
33,0.98602,0.00089
66,1.01245,0.00105
100,1.02438,0.00097
