height,bank,bank unc
0,5.260634616928168,0.24181868694457648
33,3.7977973202448,0.13042708220280289
66,1.1502858256349033,0.13783891491012107
100,0.0,0
