Config,keff,keff unc,rho,rho unc,dollars,dollars unc
allrodsin,0.96026,0.00027,-4.138462499739654,-0.001645617691579526,-5.517949999652871,-0.0021941569221060352
safeout,0.9864200000000001,0.00026000000000000003,-1.3766955252326634,-0.0005131736842227648,-1.8355940336435512,-0.0006842315789636868
shimout,0.99099,0.00023,-0.9091918182827236,-0.00029842079339775264,-1.212255757710298,-0.0003978943911970036
regout,0.9777899999999999,0.00026000000000000003,-2.2714488796162726,-0.0008541727682483262,-3.0285985061550305,-0.0011388970243311018
allrodsout,1.02653,0.00023,2.58443494101487,0.0008189111640872182,3.4459132546864937,0.001091881552116291
