temp (C),keff,keff unc
20,1.00137,0.00026000000000000003
326,0.96442,0.00026000000000000003
626,0.93958,0.00022999999999999998
926,0.90325,0.00023
