temp (C),keff,keff unc
21,1.00054,0.00025
327,0.96463,0.00024
627,0.93968,0.0002
927,0.90334,0.0002
