temp (C),keff,keff unc
20,1.00014,0.00027
25,1.0012,0.00023999999999999998
30,1.00124,0.00024
35,1.0011,0.00022999999999999998
40,1.00288,0.00024
45,1.00305,0.00022
50,1.0026,0.00024
55,1.0026899999999999,0.00023999999999999998
60,1.00248,0.00022
65,1.00475,0.00021
70,1.0043799999999998,0.00023
75,1.00441,0.00023999999999999998
80,1.00437,0.00024
85,1.00411,0.00022999999999999998
90,1.0058200000000002,0.00024
95,1.00505,0.00023999999999999998
99,1.00547,0.00024
