temp (C),SaB lib,keff,keff unc
21,h-zrh.40t,1.02653,0.00022999999999999998
327,h-zrh.43t,0.99103,0.0002
627,h-zrh.45t,0.96624,0.00018999999999999998
927,h-zrh.47t,0.93062,0.00021
