temp (C),rho,rho unc,dollars,dollars unc
21,0.0,0.0,0.0,0.0
327,-3.4895538576975165,-0.02997899684213349,-4.652738476930022,-0.03997199578951132
627,-6.078390893987217,-0.030131798190290493,-8.104521191982958,-0.04017573092038732
927,-10.039679831517963,-0.032757765663862355,-13.386239775357286,-0.043677020885149805
